name,lon,lat,region
naip_2048_DE_WND_i0j0,-75.16990909999998,38.7879334,NE
naip_2048_DE_WND_i0j1,-75.16990909999998,38.7879334,NE
naip_2048_DE_WND_i1j0,-75.16990909999998,38.7879334,NE
naip_2048_DE_WND_i1j1,-75.16990909999998,38.7879334,NE
naip_3596_MA_WND_i0j0,-70.64500509999999,41.9302852,NE
naip_3596_MA_WND_i0j1,-70.64500509999999,41.9302852,NE
naip_3596_MA_WND_i1j0,-70.64500509999999,41.9302852,NE
naip_3596_MA_WND_i1j1,-70.64500509999999,41.9302852,NE
naip_3598_MA_WND_i0j0,-70.5438908,41.757503299999996,NE
naip_3598_MA_WND_i0j1,-70.5438908,41.757503299999996,NE
naip_3598_MA_WND_i1j0,-70.5438908,41.757503299999996,NE
naip_3598_MA_WND_i1j1,-70.5438908,41.757503299999996,NE
naip_3600_MA_WND_i0j0,-71.0758372,42.3963941,NE
naip_3600_MA_WND_i0j1,-71.0758372,42.3963941,NE
naip_3600_MA_WND_i1j0,-71.0758372,42.3963941,NE
naip_3600_MA_WND_i1j1,-71.0758372,42.3963941,NE
naip_3646_MA_WND_i0j0,-70.8783785,41.644064,NE
naip_3646_MA_WND_i0j1,-70.8783785,41.644064,NE
naip_3646_MA_WND_i1j0,-70.8783785,41.644064,NE
naip_3646_MA_WND_i1j1,-70.8783785,41.644064,NE
naip_3675_MA_WND_i0j0,-70.8613913,42.2661114,NE
naip_3675_MA_WND_i0j1,-70.8613913,42.2661114,NE
naip_3675_MA_WND_i1j0,-70.8613913,42.2661114,NE
naip_3675_MA_WND_i1j1,-70.8613913,42.2661114,NE
naip_3718_MA_WND_i0j0,-71.9891992,42.5935833,NE
naip_3718_MA_WND_i0j1,-71.9891992,42.5935833,NE
naip_3718_MA_WND_i1j0,-71.9891992,42.5935833,NE
naip_3718_MA_WND_i1j1,-71.9891992,42.5935833,NE
naip_3732_MA_WND_i0j0,-70.6139055,41.613305700000005,NE
naip_3732_MA_WND_i0j1,-70.6139055,41.613305700000005,NE
naip_3732_MA_WND_i1j0,-70.6139055,41.613305700000005,NE
naip_3732_MA_WND_i1j1,-70.6139055,41.613305700000005,NE
naip_3760_MA_WND_i0j0,-70.73347120000001,42.180088700000006,NE
naip_3760_MA_WND_i0j1,-70.73347120000001,42.180088700000006,NE
naip_3760_MA_WND_i1j0,-70.73347120000001,42.180088700000006,NE
naip_3760_MA_WND_i1j1,-70.73347120000001,42.180088700000006,NE
naip_3784_MA_WND_i0j0,-70.6256015,41.611706700000006,NE
naip_3784_MA_WND_i0j1,-70.6256015,41.611706700000006,NE
naip_3784_MA_WND_i1j0,-70.6256015,41.611706700000006,NE
naip_3784_MA_WND_i1j1,-70.6256015,41.611706700000006,NE
naip_3878_MD_WND_i0j0,-79.4722284,39.2594502,NE
naip_3878_MD_WND_i0j1,-79.4722284,39.2594502,NE
naip_3878_MD_WND_i1j0,-79.4722284,39.2594502,NE
naip_3878_MD_WND_i1j1,-79.4722284,39.2594502,NE
naip_3939_ME_WND_i0j0,-70.53080229999999,45.39030820000001,NE
naip_3939_ME_WND_i0j1,-70.53080229999999,45.39030820000001,NE
naip_3939_ME_WND_i1j0,-70.53080229999999,45.39030820000001,NE
naip_3939_ME_WND_i1j1,-70.53080229999999,45.39030820000001,NE
naip_3944_ME_WND_i0j0,-67.8161025,46.5492248,NE
naip_3944_ME_WND_i0j1,-67.8161025,46.5492248,NE
naip_3944_ME_WND_i1j0,-67.8161025,46.5492248,NE
naip_3944_ME_WND_i1j1,-67.8161025,46.5492248,NE
naip_3967_ME_WND_i0j0,-70.6327791,44.638616,NE
naip_3967_ME_WND_i0j1,-70.6327791,44.638616,NE
naip_3967_ME_WND_i1j0,-70.6327791,44.638616,NE
naip_3967_ME_WND_i1j1,-70.6327791,44.638616,NE
naip_3985_ME_WND_i0j0,-70.5648215,44.4205949,NE
naip_3985_ME_WND_i0j1,-70.5648215,44.4205949,NE
naip_3985_ME_WND_i1j0,-70.5648215,44.4205949,NE
naip_3985_ME_WND_i1j1,-70.5648215,44.4205949,NE
naip_3987_ME_WND_i0j0,-67.9994038,45.4872005,NE
naip_3987_ME_WND_i0j1,-67.9994038,45.4872005,NE
naip_3987_ME_WND_i1j0,-67.9994038,45.4872005,NE
naip_3987_ME_WND_i1j1,-67.9994038,45.4872005,NE
naip_3988_ME_WND_i0j0,-67.9760026,45.6199805,NE
naip_3988_ME_WND_i0j1,-67.9760026,45.6199805,NE
naip_3988_ME_WND_i1j0,-67.9760026,45.6199805,NE
naip_3988_ME_WND_i1j1,-67.9760026,45.6199805,NE
naip_5495_NH_WND_i0j0,-71.8239002,43.773107200000005,NE
naip_5495_NH_WND_i0j1,-71.8239002,43.773107200000005,NE
naip_5495_NH_WND_i1j0,-71.8239002,43.773107200000005,NE
naip_5495_NH_WND_i1j1,-71.8239002,43.773107200000005,NE
naip_5502_NH_WND_i0j0,-72.1505007,43.238007700000004,NE
naip_5502_NH_WND_i0j1,-72.1505007,43.238007700000004,NE
naip_5502_NH_WND_i1j0,-72.1505007,43.238007700000004,NE
naip_5502_NH_WND_i1j1,-72.1505007,43.238007700000004,NE
naip_5630_NJ_WND_i0j0,-74.4525055,39.387226500000004,NE
naip_5630_NJ_WND_i0j1,-74.4525055,39.387226500000004,NE
naip_5630_NJ_WND_i1j0,-74.4525055,39.387226500000004,NE
naip_5630_NJ_WND_i1j1,-74.4525055,39.387226500000004,NE
naip_6031_NY_WND_i0j0,-77.50170200000001,42.550607899999996,NE
naip_6031_NY_WND_i0j1,-77.50170200000001,42.550607899999996,NE
naip_6031_NY_WND_i1j0,-77.50170200000001,42.550607899999996,NE
naip_6031_NY_WND_i1j1,-77.50170200000001,42.550607899999996,NE
naip_6150_NY_WND_i0j0,-75.58030440000002,43.7903009,NE
naip_6150_NY_WND_i0j1,-75.58030440000002,43.7903009,NE
naip_6150_NY_WND_i1j0,-75.58030440000002,43.7903009,NE
naip_6150_NY_WND_i1j1,-75.58030440000002,43.7903009,NE
naip_6184_NY_WND_i0j0,-78.3097006,42.54170560000001,NE
naip_6184_NY_WND_i0j1,-78.3097006,42.54170560000001,NE
naip_6184_NY_WND_i1j0,-78.3097006,42.54170560000001,NE
naip_6184_NY_WND_i1j1,-78.3097006,42.54170560000001,NE
naip_6188_NY_WND_i0j0,-78.2328049,42.6747011,NE
naip_6188_NY_WND_i0j1,-78.2328049,42.6747011,NE
naip_6188_NY_WND_i1j0,-78.2328049,42.6747011,NE
naip_6188_NY_WND_i1j1,-78.2328049,42.6747011,NE
naip_6327_NY_WND_i0j0,-78.24879490000001,42.683819,NE
naip_6327_NY_WND_i0j1,-78.24879490000001,42.683819,NE
naip_6327_NY_WND_i1j0,-78.24879490000001,42.683819,NE
naip_6327_NY_WND_i1j1,-78.24879490000001,42.683819,NE
naip_6333_NY_WND_i0j0,-76.97333990000001,42.891949700000005,NE
naip_6333_NY_WND_i0j1,-76.97333990000001,42.891949700000005,NE
naip_6333_NY_WND_i1j0,-76.97333990000001,42.891949700000005,NE
naip_6333_NY_WND_i1j1,-76.97333990000001,42.891949700000005,NE
naip_6809_PA_WND_i0j0,-78.4819257,40.5278534,NE
naip_6809_PA_WND_i0j1,-78.4819257,40.5278534,NE
naip_6809_PA_WND_i1j0,-78.4819257,40.5278534,NE
naip_6809_PA_WND_i1j1,-78.4819257,40.5278534,NE
naip_6842_PA_WND_i0j0,-79.0177797,39.984175,NE
naip_6842_PA_WND_i0j1,-79.0177797,39.984175,NE
naip_6842_PA_WND_i1j0,-79.0177797,39.984175,NE
naip_6842_PA_WND_i1j1,-79.0177797,39.984175,NE
naip_6861_PA_WND_i0j0,-78.6856366,40.3245646,NE
naip_6861_PA_WND_i0j1,-78.6856366,40.3245646,NE
naip_6861_PA_WND_i1j0,-78.6856366,40.3245646,NE
naip_6861_PA_WND_i1j1,-78.6856366,40.3245646,NE
naip_6882_PA_WND_i0j0,-77.034605,41.537308200000005,NE
naip_6882_PA_WND_i0j1,-77.034605,41.537308200000005,NE
naip_6882_PA_WND_i1j0,-77.034605,41.537308200000005,NE
naip_6882_PA_WND_i1j1,-77.034605,41.537308200000005,NE
naip_6945_PA_WND_i0j0,-76.4605635,39.964169500000004,NE
naip_6945_PA_WND_i0j1,-76.4605635,39.964169500000004,NE
naip_6945_PA_WND_i1j0,-76.4605635,39.964169500000004,NE
naip_6945_PA_WND_i1j1,-76.4605635,39.964169500000004,NE
naip_6980_PA_WND_i0j0,-78.82030309999999,40.0361066,NE
naip_6980_PA_WND_i0j1,-78.82030309999999,40.0361066,NE
naip_6980_PA_WND_i1j0,-78.82030309999999,40.0361066,NE
naip_6980_PA_WND_i1j1,-78.82030309999999,40.0361066,NE
naip_6999_PA_WND_i0j0,-75.4592025,41.558301799999995,NE
naip_6999_PA_WND_i0j1,-75.4592025,41.558301799999995,NE
naip_6999_PA_WND_i1j0,-75.4592025,41.558301799999995,NE
naip_6999_PA_WND_i1j1,-75.4592025,41.558301799999995,NE
naip_8010_VT_WND_i0j0,-72.43028100000001,44.7533398,NE
naip_8010_VT_WND_i0j1,-72.43028100000001,44.7533398,NE
naip_8010_VT_WND_i1j0,-72.43028100000001,44.7533398,NE
naip_8010_VT_WND_i1j1,-72.43028100000001,44.7533398,NE
naip_8032_VT_WND_i0j0,-72.9678059,42.8675065,NE
naip_8032_VT_WND_i0j1,-72.9678059,42.8675065,NE
naip_8032_VT_WND_i1j0,-72.9678059,42.8675065,NE
naip_8032_VT_WND_i1j1,-72.9678059,42.8675065,NE
naip_8033_VT_WND_i0j0,-72.10630359999999,44.6809805,NE
naip_8033_VT_WND_i0j1,-72.10630359999999,44.6809805,NE
naip_8033_VT_WND_i1j0,-72.10630359999999,44.6809805,NE
naip_8033_VT_WND_i1j1,-72.10630359999999,44.6809805,NE
6th Space Warning Squadron,-70.545303,41.754192,NE
AFCEE MMR Turbines,-70.547798,41.75959,NE
Air Force (Barnstable),-70.591103,41.657692,NE
Allegheny Ridge,-78.615799,40.340794,NE
Applied Materials,-70.649399,42.628193,NE
Armenia Mountain,-76.924995,41.76099,NE
Bear Creek,-75.750443,41.236687,NE
Berkshire East Ski Area,-72.866798,42.616291,NE
Berkshire Wind,-73.273895,42.592392,NE
Berkshire Wind Power Project Phase II,-73.271652,42.599884,NE
Bingham Wind,-69.726563,45.098064,NE
Block Island,-71.529114,41.110191,NE
Bull Hill,-68.1539,44.697491,NE
Camelot Wind Project,-70.644302,41.925491,NE
Canton Mountain,-70.300888,44.520935,NE
Cape Cod Regional Transit Authority,-70.144402,41.69009000000001,NE
Casselman,-79.143394,39.861893,NE
Charlestown Wind Turbine,-71.070999,42.391491,NE
Chestnut Flats,-78.489098,40.514591,NE
City of Medford,-71.099098,42.408993,NE
Crisfield Waste Water Treatment Plant,-75.85838299999998,37.982826,NE
Criterion,-79.290199,39.404793,NE
Deerfield Wind,-72.97221400000002,42.85096,NE
"Department of Correction, NCCI Gardner",-71.938202,42.581692,NE
Dynapower,-73.155098,44.442989,NE
Dynapower 1,-73.151596,44.44249,NE
Equity Industrial Partners,-70.6558,42.625191,NE
Fair Wind,-79.383255,39.329781,NE
Fairhaven Wind,-70.8722,41.637192,NE
Falmouth II,-70.621498,41.609291,NE
Falmouth Notus,-70.608902,41.60849,NE
Falmouth Wastewater,-70.620796,41.605892,NE
Fenner Wind Power Project,-75.762001,42.98069,NE
Fenner Wind Power Project - Repower,-75.767876,42.975517,NE
Field's Point Wastewater Treatment Facilit,-71.389801,41.792789,NE
Forbes Park,-71.01329799999998,42.39959,NE
Forward,-78.869293,40.097092,NE
Fourmile Ridge,-79.014236,39.6329,NE
Fox Islands,-68.866997,44.094791,NE
Future Generation Wind,-70.616127,41.777271,NE
GSA,-70.396263,45.80381,NE
Georgia Mountain,-73.069618,44.660709,NE
Green Mountain Power,-72.962898,42.862591,NE
Half Hollow Nursery,-72.570854,40.969059,NE
Hancock,-68.121826,44.769859,NE
Harbec Plastics,-77.36174,43.226089,NE
Hardscrabble,-74.895996,43.122391,NE
Heritage Flight,-73.145996,44.463093,NE
High Sheldon,-78.407494,42.74649,NE
Highland North,-78.676598,40.319992,NE
Highland Wind Project,-78.690201,40.28289,NE
Hodges Badge,-71.254944,41.566422,NE
Holy Name Catholic High School,-71.783897,42.240891,NE
Hoosac,-73.022797,42.713291,NE
Howard,-77.53743,42.293144,NE
Hull I,-70.922195,42.30439000000001,NE
Hull Wind Phase II,-70.85659799999998,42.261192,NE
Hyannis Country Garden,-70.310799,41.651291,NE
Ipswich,-70.841103,42.716091,NE
Ipswich II,-70.846397,42.717293,NE
Jericho Rise,-74.118935,44.865524,NE
Jiminy Peak Ski Resort,-73.292801,42.543793,NE
Kibby Mountain II,-70.589996,45.32078900000001,NE
"Kibby Mountain, phase I",-70.536598,45.402889,NE
Kingston,-70.715897,41.97879,NE
LWSC Wind Turbine,-70.956688,42.45269,NE
Laurel Hill,-77.033096,41.531693,NE
Locust Ridge,-76.30390200000002,40.813492,NE
Locust Ridge II,-76.14859799999998,40.850792,NE
Lookout,-78.937798,39.857693,NE
MWRA Deer Island,-70.957298,42.347092,NE
Madison Windpower,-75.457497,42.894192,NE
Maple Ridge,-75.549095,43.758392,NE
Maple Ridge (Lowville),-75.588699,43.809891,NE
Marble River,-73.921295,44.944092,NE
Mars Hill,-67.808899,46.548691,NE
Marsh Hill,-77.495827,42.172871,NE
Massachusetts Maritime Academy,-70.623802,41.74139,NE
Mehoopany,-76.060295,41.516491,NE
Meyersdale,-79.010696,39.778793,NE
Mill Run Wind,-79.385574,39.929733,NE
Mill Run Windpower LLC,-79.3918,39.918194,NE
Mount Wachusett Wind Farm,-71.983597,42.590691,NE
Munnsville,-75.535797,42.928192,NE
Nantucket High School,-70.097771,41.272144,NE
Nature's Classroom Wind Turbine,-72.003899,42.110889,NE
New York State Thruway Authority,-79.74047900000002,42.26545,NE
No Fossil Fuel - Kingston,-70.730202,41.970592,NE
Noble Altona,-73.641396,44.804592,NE
Noble Bliss,-78.230293,42.566593,NE
Noble Chateaugay,-74.057999,44.911892,NE
Noble Clinton,-73.983696,44.917591,NE
Noble Wethersfield,-78.244095,42.664391,NE
North Allegheny,-78.62861600000002,40.376549,NE
North Kingstown Green,-71.4869,41.581593,NE
Oakfield Wind,-68.093292,46.05587,NE
Orangeville Wind,-78.272095,42.726292,NE
Otis Wind Energy Project,-73.025764,42.225765,NE
Patriot,-69.334999,44.49638,NE
Patton Wind Farm,-78.703499,40.639191,NE
Philips Lightolier,-71.116997,41.74609,NE
Pisgah Mountain,-68.527878,44.778004,NE
Portsmouth Abbey School,-71.2687,41.599091,NE
Presque Isle,-68.02020300000001,46.667389,NE
Princeton Municipal Light and Water Plant,-71.899597,42.47699,NE
Record Hill,-70.63299599999998,44.679489,NE
Ringer Hill,-79.18465400000002,39.755249,NE
Rollins,-68.3666,45.40419,NE
Saddleback Ridge,-70.369438,44.610981,NE
Sandy Ridge,-78.24799300000002,40.753391,NE
Sandywoods,-71.1539,41.620491,NE
Scituate Wind,-70.7285,42.175091,NE
Seneca Nation,-79.102692,42.580894,NE
Somerset,-79.012596,39.979893,NE
South Chestnut,-79.71820100000002,39.762691,NE
Spruce Mountain,-70.560097,44.415691,NE
Steel Winds,-78.86799599999998,42.818592,NE
Steel Winds II,-78.86179399999997,42.806393,NE
Stetson,-67.986603,45.489792,NE
Stetson Wind expansion,-67.959503,45.584991,NE
Stony Creek,-78.802994,40.040592,NE
Talbot County DPW,-76.032524,38.818398,NE
Templeton Wind Turbine,-72.077698,42.589092,NE
Town of Richland,-76.03699499999998,43.565189,NE
Turkey Hill Frey Farm,-76.454895,39.959492,NE
Twin Ridges,-78.856026,39.773888,NE
University of Delaware,-75.164902,38.78289,NE
University of Massachussetts Dartmouth,-71.010597,41.62669,NE
WED Coventry 1,-71.707817,41.675499,NE
WED Coventry 2,-71.703789,41.667122,NE
WED Coventry 3,-71.721161,41.695499,NE
WED Coventry 4,-71.729477,41.68652700000001,NE
WED Coventry 5,-71.699883,41.659916,NE
WED Coventry 6,-71.702179,41.672016,NE
WED Portsmouth 1,-71.25131999999998,41.614353,NE
Waymart Wind Farm,-75.435799,41.606792,NE
Wethersfield,-78.245193,42.685593,NE
Wind Colebrook South,-73.145027,41.964752,NE
Zotos,-76.968399,42.887093,NE
unknown Allegany County,-78.307854,42.51987800000001,NE
unknown Aroostook County,-67.80722800000001,46.557861,NE
unknown Greene County,-74.043701,42.353592,NE
unknown Oneida County,-75.448891,42.974724,NE
unknown Wyoming County,-78.187935,42.740818,NE
naip_2739_ID_WND_i0j0,-113.9316117,42.4953435,NW
naip_2739_ID_WND_i0j1,-113.9316117,42.4953435,NW
naip_2739_ID_WND_i1j0,-113.9316117,42.4953435,NW
naip_2739_ID_WND_i1j1,-113.9316117,42.4953435,NW
naip_2744_ID_WND_i0j0,-115.053895,42.8169494,NW
naip_2744_ID_WND_i0j1,-115.053895,42.8169494,NW
naip_2744_ID_WND_i1j0,-115.053895,42.8169494,NW
naip_2744_ID_WND_i1j1,-115.053895,42.8169494,NW
naip_2749_ID_WND_i0j0,-115.0222024,42.879400200000006,NW
naip_2749_ID_WND_i0j1,-115.0222024,42.879400200000006,NW
naip_2749_ID_WND_i1j0,-115.0222024,42.879400200000006,NW
naip_2749_ID_WND_i1j1,-115.0222024,42.879400200000006,NW
naip_2750_ID_WND_i0j0,-115.0419024,42.849405499999996,NW
naip_2750_ID_WND_i0j1,-115.0419024,42.849405499999996,NW
naip_2750_ID_WND_i1j0,-115.0419024,42.849405499999996,NW
naip_2750_ID_WND_i1j1,-115.0419024,42.849405499999996,NW
naip_2762_ID_WND_i0j0,-115.45703190000002,43.061623499999996,NW
naip_2762_ID_WND_i0j1,-115.45703190000002,43.061623499999996,NW
naip_2762_ID_WND_i1j0,-115.45703190000002,43.061623499999996,NW
naip_2762_ID_WND_i1j1,-115.45703190000002,43.061623499999996,NW
naip_2775_ID_WND_i0j0,-114.95445149999999,42.863059899999996,NW
naip_2775_ID_WND_i0j1,-114.95445149999999,42.863059899999996,NW
naip_2775_ID_WND_i1j0,-114.95445149999999,42.863059899999996,NW
naip_2775_ID_WND_i1j1,-114.95445149999999,42.863059899999996,NW
naip_2779_ID_WND_i0j0,-111.8413848,43.47206370000001,NW
naip_2779_ID_WND_i0j1,-111.8413848,43.47206370000001,NW
naip_2779_ID_WND_i1j0,-111.8413848,43.47206370000001,NW
naip_2779_ID_WND_i1j1,-111.8413848,43.47206370000001,NW
naip_2781_ID_WND_i0j0,-115.46829679999999,43.011138200000005,NW
naip_2781_ID_WND_i0j1,-115.46829679999999,43.011138200000005,NW
naip_2781_ID_WND_i1j0,-115.46829679999999,43.011138200000005,NW
naip_2781_ID_WND_i1j1,-115.46829679999999,43.011138200000005,NW
naip_2784_ID_WND_i0j0,-115.0416689,42.8850057,NW
naip_2784_ID_WND_i0j1,-115.0416689,42.8850057,NW
naip_2784_ID_WND_i1j0,-115.0416689,42.8850057,NW
naip_2784_ID_WND_i1j1,-115.0416689,42.8850057,NW
naip_2785_ID_WND_i0j0,-111.73139499999999,43.391395,NW
naip_2785_ID_WND_i0j1,-111.73139499999999,43.391395,NW
naip_2785_ID_WND_i1j0,-111.73139499999999,43.391395,NW
naip_2785_ID_WND_i1j1,-111.73139499999999,43.391395,NW
naip_2787_ID_WND_i0j0,-115.4706054,43.032203700000004,NW
naip_2787_ID_WND_i0j1,-115.4706054,43.032203700000004,NW
naip_2787_ID_WND_i1j0,-115.4706054,43.032203700000004,NW
naip_2787_ID_WND_i1j1,-115.4706054,43.032203700000004,NW
naip_2810_ID_WND_i0j0,-111.80892859999999,43.5294302,NW
naip_2810_ID_WND_i0j1,-111.80892859999999,43.5294302,NW
naip_2810_ID_WND_i1j0,-111.80892859999999,43.5294302,NW
naip_2810_ID_WND_i1j1,-111.80892859999999,43.5294302,NW
naip_2812_ID_WND_i0j0,-114.02230559999998,42.465636200000006,NW
naip_2812_ID_WND_i0j1,-114.02230559999998,42.465636200000006,NW
naip_2812_ID_WND_i1j0,-114.02230559999998,42.465636200000006,NW
naip_2812_ID_WND_i1j1,-114.02230559999998,42.465636200000006,NW
naip_2840_ID_WND_i0j0,-115.44473400000001,43.042148,NW
naip_2840_ID_WND_i0j1,-115.44473400000001,43.042148,NW
naip_2840_ID_WND_i1j0,-115.44473400000001,43.042148,NW
naip_2840_ID_WND_i1j1,-115.44473400000001,43.042148,NW
naip_2843_ID_WND_i0j0,-114.994175,42.686945200000004,NW
naip_2843_ID_WND_i0j1,-114.994175,42.686945200000004,NW
naip_2843_ID_WND_i1j0,-114.994175,42.686945200000004,NW
naip_2843_ID_WND_i1j1,-114.994175,42.686945200000004,NW
naip_2853_ID_WND_i0j0,-114.97278610000001,42.875285999999996,NW
naip_2853_ID_WND_i0j1,-114.97278610000001,42.875285999999996,NW
naip_2853_ID_WND_i1j0,-114.97278610000001,42.875285999999996,NW
naip_2853_ID_WND_i1j1,-114.97278610000001,42.875285999999996,NW
naip_2854_ID_WND_i0j0,-114.9743491,42.8418596,NW
naip_2854_ID_WND_i0j1,-114.9743491,42.8418596,NW
naip_2854_ID_WND_i1j0,-114.9743491,42.8418596,NW
naip_2854_ID_WND_i1j1,-114.9743491,42.8418596,NW
naip_2855_ID_WND_i0j0,-115.02140290000001,42.897501299999995,NW
naip_2855_ID_WND_i0j1,-115.02140290000001,42.897501299999995,NW
naip_2855_ID_WND_i1j0,-115.02140290000001,42.897501299999995,NW
naip_2855_ID_WND_i1j1,-115.02140290000001,42.897501299999995,NW
naip_2857_ID_WND_i0j0,-115.4875926,43.0387883,NW
naip_2857_ID_WND_i0j1,-115.4875926,43.0387883,NW
naip_2857_ID_WND_i1j0,-115.4875926,43.0387883,NW
naip_2857_ID_WND_i1j1,-115.4875926,43.0387883,NW
naip_2863_ID_WND_i0j0,-111.8344048,43.4245069,NW
naip_2863_ID_WND_i0j1,-111.8344048,43.4245069,NW
naip_2863_ID_WND_i1j0,-111.8344048,43.4245069,NW
naip_2863_ID_WND_i1j1,-111.8344048,43.4245069,NW
naip_4721_MT_WND_i0j0,-104.18860090000001,46.28030510000001,NW
naip_4721_MT_WND_i0j1,-104.18860090000001,46.28030510000001,NW
naip_4721_MT_WND_i1j0,-104.18860090000001,46.28030510000001,NW
naip_4721_MT_WND_i1j1,-104.18860090000001,46.28030510000001,NW
naip_4726_MT_WND_i0j0,-110.3427793,46.4169479,NW
naip_4726_MT_WND_i0j1,-110.3427793,46.4169479,NW
naip_4726_MT_WND_i1j0,-110.3427793,46.4169479,NW
naip_4726_MT_WND_i1j1,-110.3427793,46.4169479,NW
naip_4735_MT_WND_i0j0,-109.7327783,46.5130586,NW
naip_4735_MT_WND_i0j1,-109.7327783,46.5130586,NW
naip_4735_MT_WND_i1j0,-109.7327783,46.5130586,NW
naip_4735_MT_WND_i1j1,-109.7327783,46.5130586,NW
naip_4736_MT_WND_i0j0,-109.75810179999999,46.577503799999995,NW
naip_4736_MT_WND_i0j1,-109.75810179999999,46.577503799999995,NW
naip_4736_MT_WND_i1j0,-109.75810179999999,46.577503799999995,NW
naip_4736_MT_WND_i1j1,-109.75810179999999,46.577503799999995,NW
naip_4745_MT_WND_i0j0,-108.6683914,45.119394299999996,NW
naip_4745_MT_WND_i0j1,-108.6683914,45.119394299999996,NW
naip_4745_MT_WND_i1j0,-108.6683914,45.119394299999996,NW
naip_4745_MT_WND_i1j1,-108.6683914,45.119394299999996,NW
naip_4749_MT_WND_i0j0,-112.11470619999999,48.5150081,NW
naip_4749_MT_WND_i0j1,-112.11470619999999,48.5150081,NW
naip_4749_MT_WND_i1j0,-112.11470619999999,48.5150081,NW
naip_4749_MT_WND_i1j1,-112.11470619999999,48.5150081,NW
naip_4751_MT_WND_i0j0,-112.1083371,48.8252862,NW
naip_4751_MT_WND_i0j1,-112.1083371,48.8252862,NW
naip_4751_MT_WND_i1j0,-112.1083371,48.8252862,NW
naip_4751_MT_WND_i1j1,-112.1083371,48.8252862,NW
naip_4761_MT_WND_i0j0,-110.644173,47.3383409,NW
naip_4761_MT_WND_i0j1,-110.644173,47.3383409,NW
naip_4761_MT_WND_i1j0,-110.644173,47.3383409,NW
naip_4761_MT_WND_i1j1,-110.644173,47.3383409,NW
naip_6615_OR_WND_i0j0,-119.4697075,45.6600005,NW
naip_6615_OR_WND_i0j1,-119.4697075,45.6600005,NW
naip_6615_OR_WND_i1j0,-119.4697075,45.6600005,NW
naip_6615_OR_WND_i1j1,-119.4697075,45.6600005,NW
naip_6616_OR_WND_i0j0,-120.6084209,45.6587518,NW
naip_6616_OR_WND_i0j1,-120.6084209,45.6587518,NW
naip_6616_OR_WND_i1j0,-120.6084209,45.6587518,NW
naip_6616_OR_WND_i1j1,-120.6084209,45.6587518,NW
naip_6633_OR_WND_i0j0,-118.596006,45.9480003,NW
naip_6633_OR_WND_i0j1,-118.596006,45.9480003,NW
naip_6633_OR_WND_i1j0,-118.596006,45.9480003,NW
naip_6633_OR_WND_i1j1,-118.596006,45.9480003,NW
naip_6650_OR_WND_i0j0,-118.596006,45.9480003,NW
naip_6650_OR_WND_i0j1,-118.596006,45.9480003,NW
naip_6650_OR_WND_i1j0,-118.596006,45.9480003,NW
naip_6650_OR_WND_i1j1,-118.596006,45.9480003,NW
naip_6659_OR_WND_i0j0,-118.8212496,46.017790399999996,NW
naip_6659_OR_WND_i0j1,-118.8212496,46.017790399999996,NW
naip_6659_OR_WND_i1j0,-118.8212496,46.017790399999996,NW
naip_6659_OR_WND_i1j1,-118.8212496,46.017790399999996,NW
naip_6666_OR_WND_i0j0,-120.5794053,45.5250016,NW
naip_6666_OR_WND_i0j1,-120.5794053,45.5250016,NW
naip_6666_OR_WND_i1j0,-120.5794053,45.5250016,NW
naip_6666_OR_WND_i1j1,-120.5794053,45.5250016,NW
naip_6682_OR_WND_i0j0,-120.59800039999999,45.576008,NW
naip_6682_OR_WND_i0j1,-120.59800039999999,45.576008,NW
naip_6682_OR_WND_i1j0,-120.59800039999999,45.576008,NW
naip_6682_OR_WND_i1j1,-120.59800039999999,45.576008,NW
naip_6691_OR_WND_i0j0,-117.27694679999999,44.4019458,NW
naip_6691_OR_WND_i0j1,-117.27694679999999,44.4019458,NW
naip_6691_OR_WND_i1j0,-117.27694679999999,44.4019458,NW
naip_6691_OR_WND_i1j1,-117.27694679999999,44.4019458,NW
naip_6712_OR_WND_i0j0,-119.4919048,45.659201,NW
naip_6712_OR_WND_i0j1,-119.4919048,45.659201,NW
naip_6712_OR_WND_i1j0,-119.4919048,45.659201,NW
naip_6712_OR_WND_i1j1,-119.4919048,45.659201,NW
naip_6714_OR_WND_i0j0,-120.6219136,45.618067100000005,NW
naip_6714_OR_WND_i0j1,-120.6219136,45.618067100000005,NW
naip_6714_OR_WND_i1j0,-120.6219136,45.618067100000005,NW
naip_6714_OR_WND_i1j1,-120.6219136,45.618067100000005,NW
naip_6715_OR_WND_i0j0,-120.13000509999999,45.716908700000005,NW
naip_6715_OR_WND_i0j1,-120.13000509999999,45.716908700000005,NW
naip_6715_OR_WND_i1j0,-120.13000509999999,45.716908700000005,NW
naip_6715_OR_WND_i1j1,-120.13000509999999,45.716908700000005,NW
naip_6751_OR_WND_i0j0,-119.9425088,45.6808054,NW
naip_6751_OR_WND_i0j1,-119.9425088,45.6808054,NW
naip_6751_OR_WND_i1j0,-119.9425088,45.6808054,NW
naip_6751_OR_WND_i1j1,-119.9425088,45.6808054,NW
naip_6757_OR_WND_i0j0,-118.6649966,45.9411642,NW
naip_6757_OR_WND_i0j1,-118.6649966,45.9411642,NW
naip_6757_OR_WND_i1j0,-118.6649966,45.9411642,NW
naip_6757_OR_WND_i1j1,-118.6649966,45.9411642,NW
naip_6758_OR_WND_i0j0,-118.59639229999999,45.904171500000004,NW
naip_6758_OR_WND_i0j1,-118.59639229999999,45.904171500000004,NW
naip_6758_OR_WND_i1j0,-118.59639229999999,45.904171500000004,NW
naip_6758_OR_WND_i1j1,-118.59639229999999,45.904171500000004,NW
naip_6759_OR_WND_i0j0,-119.4675066,45.658105,NW
naip_6759_OR_WND_i0j1,-119.4675066,45.658105,NW
naip_6759_OR_WND_i1j0,-119.4675066,45.658105,NW
naip_6759_OR_WND_i1j1,-119.4675066,45.658105,NW
naip_6762_OR_WND_i0j0,-119.41470359999998,45.701700200000005,NW
naip_6762_OR_WND_i0j1,-119.41470359999998,45.701700200000005,NW
naip_6762_OR_WND_i1j0,-119.41470359999998,45.701700200000005,NW
naip_6762_OR_WND_i1j1,-119.41470359999998,45.701700200000005,NW
naip_6767_OR_WND_i0j0,-120.3233226,45.6808054,NW
naip_6767_OR_WND_i0j1,-120.3233226,45.6808054,NW
naip_6767_OR_WND_i1j0,-120.3233226,45.6808054,NW
naip_6767_OR_WND_i1j1,-120.3233226,45.6808054,NW
naip_6768_OR_WND_i0j0,-119.9964077,45.6583026,NW
naip_6768_OR_WND_i0j1,-119.9964077,45.6583026,NW
naip_6768_OR_WND_i1j0,-119.9964077,45.6583026,NW
naip_6768_OR_WND_i1j1,-119.9964077,45.6583026,NW
naip_8070_WA_WND_i0j0,-124.0704202,46.798588099999996,NW
naip_8070_WA_WND_i0j1,-124.0704202,46.798588099999996,NW
naip_8070_WA_WND_i1j0,-124.0704202,46.798588099999996,NW
naip_8070_WA_WND_i1j1,-124.0704202,46.798588099999996,NW
naip_8093_WA_WND_i0j0,-118.92200459999998,46.0650059,NW
naip_8093_WA_WND_i0j1,-118.92200459999998,46.0650059,NW
naip_8093_WA_WND_i1j0,-118.92200459999998,46.0650059,NW
naip_8093_WA_WND_i1j1,-118.92200459999998,46.0650059,NW
naip_8100_WA_WND_i0j0,-120.52615320000001,45.7868336,NW
naip_8100_WA_WND_i0j1,-120.52615320000001,45.7868336,NW
naip_8100_WA_WND_i1j0,-120.52615320000001,45.7868336,NW
naip_8100_WA_WND_i1j1,-120.52615320000001,45.7868336,NW
naip_8106_WA_WND_i0j0,-120.3525088,45.8181039,NW
naip_8106_WA_WND_i0j1,-120.3525088,45.8181039,NW
naip_8106_WA_WND_i1j0,-120.3525088,45.8181039,NW
naip_8106_WA_WND_i1j1,-120.3525088,45.8181039,NW
naip_8109_WA_WND_i0j0,-120.24050690000001,45.926503600000004,NW
naip_8109_WA_WND_i0j1,-120.24050690000001,45.926503600000004,NW
naip_8109_WA_WND_i1j0,-120.24050690000001,45.926503600000004,NW
naip_8109_WA_WND_i1j1,-120.24050690000001,45.926503600000004,NW
naip_8122_WA_WND_i0j0,-117.82667079999999,46.5291744,NW
naip_8122_WA_WND_i0j1,-117.82667079999999,46.5291744,NW
naip_8122_WA_WND_i1j0,-117.82667079999999,46.5291744,NW
naip_8122_WA_WND_i1j1,-117.82667079999999,46.5291744,NW
naip_8126_WA_WND_i0j0,-117.78220420000001,46.3797037,NW
naip_8126_WA_WND_i0j1,-117.78220420000001,46.3797037,NW
naip_8126_WA_WND_i1j0,-117.78220420000001,46.3797037,NW
naip_8126_WA_WND_i1j1,-117.78220420000001,46.3797037,NW
naip_8135_WA_WND_i0j0,-119.1014072,46.100803799999994,NW
naip_8135_WA_WND_i0j1,-119.1014072,46.100803799999994,NW
naip_8135_WA_WND_i1j0,-119.1014072,46.100803799999994,NW
naip_8135_WA_WND_i1j1,-119.1014072,46.100803799999994,NW
naip_8177_WA_WND_i0j0,-120.8122037,45.884705,NW
naip_8177_WA_WND_i0j1,-120.8122037,45.884705,NW
naip_8177_WA_WND_i1j0,-120.8122037,45.884705,NW
naip_8177_WA_WND_i1j1,-120.8122037,45.884705,NW
naip_8184_WA_WND_i0j0,-120.1869044,46.959701,NW
naip_8184_WA_WND_i0j1,-120.1869044,46.959701,NW
naip_8184_WA_WND_i1j0,-120.1869044,46.959701,NW
naip_8184_WA_WND_i1j1,-120.1869044,46.959701,NW
naip_8195_WA_WND_i0j0,-120.2115003,47.041277,NW
naip_8195_WA_WND_i0j1,-120.2115003,47.041277,NW
naip_8195_WA_WND_i1j0,-120.2115003,47.041277,NW
naip_8195_WA_WND_i1j1,-120.2115003,47.041277,NW
Air Force (Laramie),-104.884689,41.178291,NW
Big Horn,-120.312187,45.883694,NW
Big Horn 2,-120.317932,45.92894,NW
Big Timber,-109.666306,45.83541500000001,NW
Burley Butte,-113.924789,42.485695,NW
Camp Reed,-115.064789,42.815094,NW
Campbell Hill,-105.984787,43.013695,NW
Casper Wind Farm,-106.219688,42.883293,NW
Cassia,-115.036591,42.846992,NW
Coastal Energy,-124.062088,46.791294,NW
Cold Springs,-115.461189,43.045895,NW
Diamond Willow Wind,-104.190186,46.275093,NW
Diamond Willow extension,-104.16539,46.271294,NW
Evanston (Wyoming Wind Energy Center),-110.826538,41.351753,NW
Fairfield Wind Farm,-111.94973,47.704651,NW
Foote Creek 3,-106.18705,41.665432,NW
Foote Creek 4,-106.175316,41.67313400000001,NW
Foote Creek Rim II,-106.18927,41.65749,NW
Fossil Gulch,-114.949585,42.856895,NW
Glacier I,-112.097084,48.503593,NW
Glacier Wind II,-112.209984,48.522793,NW
Glenrock,-105.82228899999998,43.049492,NW
Glenrock III,-105.806992,43.013294,NW
Golden Valley,-113.927185,42.432896,NW
Goodnoe Hills,-120.478485,45.777195,NW
Gordon Butte,-110.332687,46.413792,NW
Goshen North,-111.85099,43.429794,NW
Greenfield Wind Farm,-111.931503,47.720322,NW
Happy Jack,-105.00808700000002,41.144993,NW
Harvest Wind Farm,-83.23039200000002,43.826492,NW
High Mesa,-115.045685,42.884792,NW
High Plains,-106.039986,41.679794,NW
Hopkins Ridge I,-117.785072,46.42329,NW
Hopkins Ridge II,-117.808487,46.433693,NW
Hopkins Ridge Wind Project,-117.83396100000002,46.433243,NW
Horse Butte,-111.764091,43.428795,NW
Juniper Canyon,-120.214485,45.893795,NW
Linden,-120.794189,45.742794,NW
Lower Snake River Phase I,-117.801086,46.560993,NW
Marengo I,-117.728287,46.375195,NW
Marengo II,-117.880585,46.369293,NW
Martinsdale Colony South,-110.271805,46.496506,NW
Martinsdale Wind Farm,-110.271805,46.50106,NW
McFadden Ridge,-106.043991,41.662891,NW
Meadow Creek,-111.819786,43.561394,NW
Medicine Bow,-106.23991399999998,41.829453,NW
Milner Dam,-114.017288,42.473194,NW
Mountain Home,-115.463783,43.035294,NW
Mountain Wind I,-110.504189,41.285995,NW
Mountain Wind II,-110.53849,41.258694,NW
Musselshell I,-109.471786,46.286991,NW
Musselshell II,-109.494888,46.266193,NW
Nine Canyon,-119.082245,46.107597,NW
Nine Canyon II,-119.143684,46.104996,NW
Nine Canyon III,-119.138687,46.100693,NW
Oregon Trail,-114.990288,42.846992,NW
Palouse,-117.357986,47.168194,NW
Payne's Ferry,-115.011086,42.821594,NW
Pilgrim Stage Station,-115.000885,42.784595,NW
Pioneer Wind Park,-105.890274,42.666023,NW
Power County,-112.76098600000002,42.708294,NW
Rim Rock,-112.233788,48.780094,NW
Rock River I,-106.095467,41.721199,NW
Rockland,-112.926788,42.679295,NW
Rolling Hills,-105.84639,43.046192,NW
Sagebrush (Kittitas Valley),-120.712685,47.132195,NW
Salmon Falls,-115.005684,42.684692,NW
Sawtooth,-115.38978600000002,42.967995,NW
Seven Mile Hill I & II,-106.37899,41.919693,NW
Silver Sage,-105.024986,41.138992,NW
Stateline Wind Project,-118.811287,46.030895,NW
Swauk Valley,-120.754684,47.142895,NW
Thousand Springs,-114.966805,42.88728,NW
Top of the World,-105.772285,42.930294,NW
Tuana Gulch,-114.969284,42.833794,NW
Tuana Springs,-115.01709,42.898594,NW
Tucannon River,-118.097916,46.442543,NW
Two Dot,-110.090691,46.455093,NW
Two Dot Wind Farm,-110.092857,46.443661,NW
Vantage Point,-120.181984,46.954796,NW
White Creek,-120.360489,45.823994,NW
Wild Horse I,-120.191986,47.004593,NW
Wild Horse II,-120.236488,47.060394,NW
Windy Point I (Tuolomne Wind Project),-120.603188,45.772095,NW
Windy Point II,-120.882584,45.690693,NW
Windy Point II (Windy Flats),-120.811729,45.717255,NW
Windy Point IIa (Windy Flats Extension),-120.871788,45.698593,NW
Windy Point IIa (Windy Flats),-120.885971,45.698986,NW
Wolverine Creek,-111.835892,43.384995,NW
Yahoo Creek,-114.986389,42.763393,NW
naip_2513_IA_WND_i0j0,-94.44560809999999,41.230803,EM
naip_2513_IA_WND_i0j1,-94.44560809999999,41.230803,EM
naip_2513_IA_WND_i1j0,-94.44560809999999,41.230803,EM
naip_2513_IA_WND_i1j1,-94.44560809999999,41.230803,EM
naip_2517_IA_WND_i0j0,-94.9350013,42.1672069,EM
naip_2517_IA_WND_i0j1,-94.9350013,42.1672069,EM
naip_2517_IA_WND_i1j0,-94.9350013,42.1672069,EM
naip_2517_IA_WND_i1j1,-94.9350013,42.1672069,EM
naip_2520_IA_WND_i0j0,-93.6419034,42.5694006,EM
naip_2520_IA_WND_i0j1,-93.6419034,42.5694006,EM
naip_2520_IA_WND_i1j0,-93.6419034,42.5694006,EM
naip_2520_IA_WND_i1j1,-93.6419034,42.5694006,EM
naip_2529_IA_WND_i0j0,-94.43972409999999,41.231952899999996,EM
naip_2529_IA_WND_i0j1,-94.43972409999999,41.231952899999996,EM
naip_2529_IA_WND_i1j0,-94.43972409999999,41.231952899999996,EM
naip_2529_IA_WND_i1j1,-94.43972409999999,41.231952899999996,EM
naip_2540_IA_WND_i0j0,-94.6900127,41.559658299999995,EM
naip_2540_IA_WND_i0j1,-94.6900127,41.559658299999995,EM
naip_2540_IA_WND_i1j0,-94.6900127,41.559658299999995,EM
naip_2540_IA_WND_i1j1,-94.6900127,41.559658299999995,EM
naip_2548_IA_WND_i0j0,-94.5750014,41.343892,EM
naip_2548_IA_WND_i0j1,-94.5750014,41.343892,EM
naip_2548_IA_WND_i1j0,-94.5750014,41.343892,EM
naip_2548_IA_WND_i1j1,-94.5750014,41.343892,EM
naip_2550_IA_WND_i0j0,-93.8050105,43.278737299999996,EM
naip_2550_IA_WND_i0j1,-93.8050105,43.278737299999996,EM
naip_2550_IA_WND_i1j0,-93.8050105,43.278737299999996,EM
naip_2550_IA_WND_i1j1,-93.8050105,43.278737299999996,EM
naip_2568_IA_WND_i0j0,-94.3700059,42.0872029,EM
naip_2568_IA_WND_i0j1,-94.3700059,42.0872029,EM
naip_2568_IA_WND_i1j0,-94.3700059,42.0872029,EM
naip_2568_IA_WND_i1j1,-94.3700059,42.0872029,EM
naip_2578_IA_WND_i0j0,-94.8206637,43.390353000000005,EM
naip_2578_IA_WND_i0j1,-94.8206637,43.390353000000005,EM
naip_2578_IA_WND_i1j0,-94.8206637,43.390353000000005,EM
naip_2578_IA_WND_i1j1,-94.8206637,43.390353000000005,EM
naip_2579_IA_WND_i0j0,-94.98528,43.4500011,EM
naip_2579_IA_WND_i0j1,-94.98528,43.4500011,EM
naip_2579_IA_WND_i1j0,-94.98528,43.4500011,EM
naip_2579_IA_WND_i1j1,-94.98528,43.4500011,EM
naip_2587_IA_WND_i0j0,-95.65970809999999,43.4108076,EM
naip_2587_IA_WND_i0j1,-95.65970809999999,43.4108076,EM
naip_2587_IA_WND_i1j0,-95.65970809999999,43.4108076,EM
naip_2587_IA_WND_i1j1,-95.65970809999999,43.4108076,EM
naip_2603_IA_WND_i0j0,-94.17583499999999,42.3397283,EM
naip_2603_IA_WND_i0j1,-94.17583499999999,42.3397283,EM
naip_2603_IA_WND_i1j0,-94.17583499999999,42.3397283,EM
naip_2603_IA_WND_i1j1,-94.17583499999999,42.3397283,EM
naip_2612_IA_WND_i0j0,-94.4508363,41.395006099999996,EM
naip_2612_IA_WND_i0j1,-94.4508363,41.395006099999996,EM
naip_2612_IA_WND_i1j0,-94.4508363,41.395006099999996,EM
naip_2612_IA_WND_i1j1,-94.4508363,41.395006099999996,EM
naip_2621_IA_WND_i0j0,-94.5800589,41.4592446,EM
naip_2621_IA_WND_i0j1,-94.5800589,41.4592446,EM
naip_2621_IA_WND_i1j0,-94.5800589,41.4592446,EM
naip_2621_IA_WND_i1j1,-94.5800589,41.4592446,EM
naip_2638_IA_WND_i0j0,-95.4217085,43.4353047,EM
naip_2638_IA_WND_i0j1,-95.4217085,43.4353047,EM
naip_2638_IA_WND_i1j0,-95.4217085,43.4353047,EM
naip_2638_IA_WND_i1j1,-95.4217085,43.4353047,EM
naip_2646_IA_WND_i0j0,-91.2391705,41.85584179999999,EM
naip_2646_IA_WND_i0j1,-91.2391705,41.85584179999999,EM
naip_2646_IA_WND_i1j0,-91.2391705,41.85584179999999,EM
naip_2646_IA_WND_i1j1,-91.2391705,41.85584179999999,EM
naip_2650_IA_WND_i0j0,-94.7517,42.589208500000005,EM
naip_2650_IA_WND_i0j1,-94.7517,42.589208500000005,EM
naip_2650_IA_WND_i1j0,-94.7517,42.589208500000005,EM
naip_2650_IA_WND_i1j1,-94.7517,42.589208500000005,EM
naip_2656_IA_WND_i0j0,-94.2427865,42.011115600000004,EM
naip_2656_IA_WND_i0j1,-94.2427865,42.011115600000004,EM
naip_2656_IA_WND_i1j0,-94.2427865,42.011115600000004,EM
naip_2656_IA_WND_i1j1,-94.2427865,42.011115600000004,EM
naip_2662_IA_WND_i0j0,-94.7794041,41.2023085,EM
naip_2662_IA_WND_i0j1,-94.7794041,41.2023085,EM
naip_2662_IA_WND_i1j0,-94.7794041,41.2023085,EM
naip_2662_IA_WND_i1j1,-94.7794041,41.2023085,EM
naip_2668_IA_WND_i0j0,-94.4930571,41.2950056,EM
naip_2668_IA_WND_i0j1,-94.4930571,41.2950056,EM
naip_2668_IA_WND_i1j0,-94.4930571,41.2950056,EM
naip_2668_IA_WND_i1j1,-94.4930571,41.2950056,EM
naip_2686_IA_WND_i0j0,-93.32580420000001,43.3647061,EM
naip_2686_IA_WND_i0j1,-93.32580420000001,43.3647061,EM
naip_2686_IA_WND_i1j0,-93.32580420000001,43.3647061,EM
naip_2686_IA_WND_i1j1,-93.32580420000001,43.3647061,EM
naip_2695_IA_WND_i0j0,-92.7811197,42.164449100000006,EM
naip_2695_IA_WND_i0j1,-92.7811197,42.164449100000006,EM
naip_2695_IA_WND_i1j0,-92.7811197,42.164449100000006,EM
naip_2695_IA_WND_i1j1,-92.7811197,42.164449100000006,EM
naip_2698_IA_WND_i0j0,-95.24330309999999,41.4567024,EM
naip_2698_IA_WND_i0j1,-95.24330309999999,41.4567024,EM
naip_2698_IA_WND_i1j0,-95.24330309999999,41.4567024,EM
naip_2698_IA_WND_i1j1,-95.24330309999999,41.4567024,EM
naip_2705_IA_WND_i0j0,-92.9716703,42.3958371,EM
naip_2705_IA_WND_i0j1,-92.9716703,42.3958371,EM
naip_2705_IA_WND_i1j0,-92.9716703,42.3958371,EM
naip_2705_IA_WND_i1j1,-92.9716703,42.3958371,EM
naip_2717_IA_WND_i0j0,-94.44970440000002,41.3981053,EM
naip_2717_IA_WND_i0j1,-94.44970440000002,41.3981053,EM
naip_2717_IA_WND_i1j0,-94.44970440000002,41.3981053,EM
naip_2717_IA_WND_i1j1,-94.44970440000002,41.3981053,EM
naip_2867_IL_WND_i0j0,-89.628608,41.306701700000005,EM
naip_2867_IL_WND_i0j1,-89.628608,41.306701700000005,EM
naip_2867_IL_WND_i1j0,-89.628608,41.306701700000005,EM
naip_2867_IL_WND_i1j1,-89.628608,41.306701700000005,EM
naip_2903_IL_WND_i0j0,-89.64481359999999,41.0955886,EM
naip_2903_IL_WND_i0j1,-89.64481359999999,41.0955886,EM
naip_2903_IL_WND_i1j0,-89.64481359999999,41.0955886,EM
naip_2903_IL_WND_i1j1,-89.64481359999999,41.0955886,EM
naip_2914_IL_WND_i0j0,-89.2547292,41.66528220000001,EM
naip_2914_IL_WND_i0j1,-89.2547292,41.66528220000001,EM
naip_2914_IL_WND_i1j0,-89.2547292,41.66528220000001,EM
naip_2914_IL_WND_i1j1,-89.2547292,41.66528220000001,EM
naip_2918_IL_WND_i0j0,-89.575805,41.2550037,EM
naip_2918_IL_WND_i0j1,-89.575805,41.2550037,EM
naip_2918_IL_WND_i1j0,-89.575805,41.2550037,EM
naip_2918_IL_WND_i1j1,-89.575805,41.2550037,EM
naip_2933_IL_WND_i0j0,-89.88343309999999,42.4564824,EM
naip_2933_IL_WND_i0j1,-89.88343309999999,42.4564824,EM
naip_2933_IL_WND_i1j0,-89.88343309999999,42.4564824,EM
naip_2933_IL_WND_i1j1,-89.88343309999999,42.4564824,EM
naip_2963_IL_WND_i0j0,-88.68860190000001,41.231908000000004,EM
naip_2963_IL_WND_i0j1,-88.68860190000001,41.231908000000004,EM
naip_2963_IL_WND_i1j0,-88.68860190000001,41.231908000000004,EM
naip_2963_IL_WND_i1j1,-88.68860190000001,41.231908000000004,EM
naip_2970_IL_WND_i0j0,-89.0240059,40.5420018,EM
naip_2970_IL_WND_i0j1,-89.0240059,40.5420018,EM
naip_2970_IL_WND_i1j0,-89.0240059,40.5420018,EM
naip_2970_IL_WND_i1j1,-89.0240059,40.5420018,EM
naip_2972_IL_WND_i0j0,-88.80390059999999,40.4842042,EM
naip_2972_IL_WND_i0j1,-88.80390059999999,40.4842042,EM
naip_2972_IL_WND_i1j0,-88.80390059999999,40.4842042,EM
naip_2972_IL_WND_i1j1,-88.80390059999999,40.4842042,EM
naip_3011_IL_WND_i0j0,-89.05420720000001,41.7244003,EM
naip_3011_IL_WND_i0j1,-89.05420720000001,41.7244003,EM
naip_3011_IL_WND_i1j0,-89.05420720000001,41.7244003,EM
naip_3011_IL_WND_i1j1,-89.05420720000001,41.7244003,EM
naip_3014_IL_WND_i0j0,-89.0022307,40.8936114,EM
naip_3014_IL_WND_i0j1,-89.0022307,40.8936114,EM
naip_3014_IL_WND_i1j0,-89.0022307,40.8936114,EM
naip_3014_IL_WND_i1j1,-89.0022307,40.8936114,EM
naip_3033_IL_WND_i0j0,-88.80390059999999,40.4842042,EM
naip_3033_IL_WND_i0j1,-88.80390059999999,40.4842042,EM
naip_3033_IL_WND_i1j0,-88.80390059999999,40.4842042,EM
naip_3033_IL_WND_i1j1,-88.80390059999999,40.4842042,EM
naip_3039_IL_WND_i0j0,-90.8511073,39.6239056,EM
naip_3039_IL_WND_i0j1,-90.8511073,39.6239056,EM
naip_3039_IL_WND_i1j0,-90.8511073,39.6239056,EM
naip_3039_IL_WND_i1j1,-90.8511073,39.6239056,EM
naip_3074_IL_WND_i0j0,-89.0647265,41.671947700000004,EM
naip_3074_IL_WND_i0j1,-89.0647265,41.671947700000004,EM
naip_3074_IL_WND_i1j0,-89.0647265,41.671947700000004,EM
naip_3074_IL_WND_i1j1,-89.0647265,41.671947700000004,EM
naip_3083_IL_WND_i0j0,-88.4950059,41.0019033,EM
naip_3083_IL_WND_i0j1,-88.4950059,41.0019033,EM
naip_3083_IL_WND_i1j0,-88.4950059,41.0019033,EM
naip_3083_IL_WND_i1j1,-88.4950059,41.0019033,EM
naip_3106_IL_WND_i0j0,-89.051674,40.59583789999999,EM
naip_3106_IL_WND_i0j1,-89.051674,40.59583789999999,EM
naip_3106_IL_WND_i1j0,-89.051674,40.59583789999999,EM
naip_3106_IL_WND_i1j1,-89.051674,40.59583789999999,EM
naip_3206_IN_WND_i0j0,-86.9400042,40.6325071,EM
naip_3206_IN_WND_i0j1,-86.9400042,40.6325071,EM
naip_3206_IN_WND_i1j0,-86.9400042,40.6325071,EM
naip_3206_IN_WND_i1j1,-86.9400042,40.6325071,EM
naip_3247_IN_WND_i0j0,-84.82220799999999,40.1958001,EM
naip_3247_IN_WND_i0j1,-84.82220799999999,40.1958001,EM
naip_3247_IN_WND_i1j0,-84.82220799999999,40.1958001,EM
naip_3247_IN_WND_i1j1,-84.82220799999999,40.1958001,EM
naip_3258_IN_WND_i0j0,-85.8480571,40.3544516,EM
naip_3258_IN_WND_i0j1,-85.8480571,40.3544516,EM
naip_3258_IN_WND_i1j0,-85.8480571,40.3544516,EM
naip_3258_IN_WND_i1j1,-85.8480571,40.3544516,EM
naip_4092_MI_WND_i0j0,-84.4672297,43.4130624,EM
naip_4092_MI_WND_i0j1,-84.4672297,43.4130624,EM
naip_4092_MI_WND_i1j0,-84.4672297,43.4130624,EM
naip_4092_MI_WND_i1j1,-84.4672297,43.4130624,EM
naip_4093_MI_WND_i0j0,-84.5025066,43.4388979,EM
naip_4093_MI_WND_i0j1,-84.5025066,43.4388979,EM
naip_4093_MI_WND_i1j0,-84.5025066,43.4388979,EM
naip_4093_MI_WND_i1j1,-84.5025066,43.4388979,EM
naip_4105_MI_WND_i0j0,-83.21140290000001,43.8350011,EM
naip_4105_MI_WND_i0j1,-83.21140290000001,43.8350011,EM
naip_4105_MI_WND_i1j0,-83.21140290000001,43.8350011,EM
naip_4105_MI_WND_i1j1,-83.21140290000001,43.8350011,EM
naip_4129_MI_WND_i0j0,-86.33972299999999,43.8769524,EM
naip_4129_MI_WND_i0j1,-86.33972299999999,43.8769524,EM
naip_4129_MI_WND_i1j0,-86.33972299999999,43.8769524,EM
naip_4129_MI_WND_i1j1,-86.33972299999999,43.8769524,EM
naip_4147_MI_WND_i0j0,-82.75195059999999,43.668058200000004,EM
naip_4147_MI_WND_i0j1,-82.75195059999999,43.668058200000004,EM
naip_4147_MI_WND_i1j0,-82.75195059999999,43.668058200000004,EM
naip_4147_MI_WND_i1j1,-82.75195059999999,43.668058200000004,EM
naip_4217_MI_WND_i0j0,-83.65500899999999,43.530283600000004,EM
naip_4217_MI_WND_i0j1,-83.65500899999999,43.530283600000004,EM
naip_4217_MI_WND_i1j0,-83.65500899999999,43.530283600000004,EM
naip_4217_MI_WND_i1j1,-83.65500899999999,43.530283600000004,EM
naip_4218_MI_WND_i0j0,-83.5719507,43.5319454,EM
naip_4218_MI_WND_i0j1,-83.5719507,43.5319454,EM
naip_4218_MI_WND_i1j0,-83.5719507,43.5319454,EM
naip_4218_MI_WND_i1j1,-83.5719507,43.5319454,EM
naip_4246_MN_WND_i0j0,-94.7405609,44.921944599999996,EM
naip_4246_MN_WND_i0j1,-94.7405609,44.921944599999996,EM
naip_4246_MN_WND_i1j0,-94.7405609,44.921944599999996,EM
naip_4246_MN_WND_i1j1,-94.7405609,44.921944599999996,EM
naip_4257_MN_WND_i0j0,-96.4375054,44.4181065,EM
naip_4257_MN_WND_i0j1,-96.4375054,44.4181065,EM
naip_4257_MN_WND_i1j0,-96.4375054,44.4181065,EM
naip_4257_MN_WND_i1j1,-96.4375054,44.4181065,EM
naip_4264_MN_WND_i0j0,-96.224452,43.9894484,EM
naip_4264_MN_WND_i0j1,-96.224452,43.9894484,EM
naip_4264_MN_WND_i1j0,-96.224452,43.9894484,EM
naip_4264_MN_WND_i1j1,-96.224452,43.9894484,EM
naip_4269_MN_WND_i0j0,-94.16140809999999,43.6608088,EM
naip_4269_MN_WND_i0j1,-94.16140809999999,43.6608088,EM
naip_4269_MN_WND_i1j0,-94.16140809999999,43.6608088,EM
naip_4269_MN_WND_i1j1,-94.16140809999999,43.6608088,EM
naip_4273_MN_WND_i0j0,-96.0983016,44.055807,EM
naip_4273_MN_WND_i0j1,-96.0983016,44.055807,EM
naip_4273_MN_WND_i1j0,-96.0983016,44.055807,EM
naip_4273_MN_WND_i1j1,-96.0983016,44.055807,EM
naip_4278_MN_WND_i0j0,-96.33670550000001,44.3194086,EM
naip_4278_MN_WND_i0j1,-96.33670550000001,44.3194086,EM
naip_4278_MN_WND_i1j0,-96.33670550000001,44.3194086,EM
naip_4278_MN_WND_i1j1,-96.33670550000001,44.3194086,EM
naip_4279_MN_WND_i0j0,-96.2421488,44.2218156,EM
naip_4279_MN_WND_i0j1,-96.2421488,44.2218156,EM
naip_4279_MN_WND_i1j0,-96.2421488,44.2218156,EM
naip_4279_MN_WND_i1j1,-96.2421488,44.2218156,EM
naip_4284_MN_WND_i0j0,-96.4419072,44.0297019,EM
naip_4284_MN_WND_i0j1,-96.4419072,44.0297019,EM
naip_4284_MN_WND_i1j0,-96.4419072,44.0297019,EM
naip_4284_MN_WND_i1j1,-96.4419072,44.0297019,EM
naip_4287_MN_WND_i0j0,-96.2236076,43.998108200000004,EM
naip_4287_MN_WND_i0j1,-96.2236076,43.998108200000004,EM
naip_4287_MN_WND_i1j0,-96.2236076,43.998108200000004,EM
naip_4287_MN_WND_i1j1,-96.2236076,43.998108200000004,EM
naip_4288_MN_WND_i0j0,-95.9555593,43.9047283,EM
naip_4288_MN_WND_i0j1,-95.9555593,43.9047283,EM
naip_4288_MN_WND_i1j0,-95.9555593,43.9047283,EM
naip_4288_MN_WND_i1j1,-95.9555593,43.9047283,EM
naip_4289_MN_WND_i0j0,-96.04960390000001,44.0160026,EM
naip_4289_MN_WND_i0j1,-96.04960390000001,44.0160026,EM
naip_4289_MN_WND_i1j0,-96.04960390000001,44.0160026,EM
naip_4289_MN_WND_i1j1,-96.04960390000001,44.0160026,EM
naip_4300_MN_WND_i0j0,-94.7572247,45.0766704,EM
naip_4300_MN_WND_i0j1,-94.7572247,45.0766704,EM
naip_4300_MN_WND_i1j0,-94.7572247,45.0766704,EM
naip_4300_MN_WND_i1j1,-94.7572247,45.0766704,EM
naip_4305_MN_WND_i0j0,-95.92720849999999,43.9408047,EM
naip_4305_MN_WND_i0j1,-95.92720849999999,43.9408047,EM
naip_4305_MN_WND_i1j0,-95.92720849999999,43.9408047,EM
naip_4305_MN_WND_i1j1,-95.92720849999999,43.9408047,EM
naip_4309_MN_WND_i0j0,-94.8849022,43.6898064,EM
naip_4309_MN_WND_i0j1,-94.8849022,43.6898064,EM
naip_4309_MN_WND_i1j0,-94.8849022,43.6898064,EM
naip_4309_MN_WND_i1j1,-94.8849022,43.6898064,EM
naip_4314_MN_WND_i0j0,-94.4516717,43.580005299999996,EM
naip_4314_MN_WND_i0j1,-94.4516717,43.580005299999996,EM
naip_4314_MN_WND_i1j0,-94.4516717,43.580005299999996,EM
naip_4314_MN_WND_i1j1,-94.4516717,43.580005299999996,EM
naip_4316_MN_WND_i0j0,-96.0233372,43.8577824,EM
naip_4316_MN_WND_i0j1,-96.0233372,43.8577824,EM
naip_4316_MN_WND_i1j0,-96.0233372,43.8577824,EM
naip_4316_MN_WND_i1j1,-96.0233372,43.8577824,EM
naip_4318_MN_WND_i0j0,-96.0786015,44.041407,EM
naip_4318_MN_WND_i0j1,-96.0786015,44.041407,EM
naip_4318_MN_WND_i1j0,-96.0786015,44.041407,EM
naip_4318_MN_WND_i1j1,-96.0786015,44.041407,EM
naip_4319_MN_WND_i0j0,-96.2300036,44.2347065,EM
naip_4319_MN_WND_i0j1,-96.2300036,44.2347065,EM
naip_4319_MN_WND_i1j0,-96.2300036,44.2347065,EM
naip_4319_MN_WND_i1j1,-96.2300036,44.2347065,EM
naip_4323_MN_WND_i0j0,-95.7811155,43.591117499999996,EM
naip_4323_MN_WND_i0j1,-95.7811155,43.591117499999996,EM
naip_4323_MN_WND_i1j0,-95.7811155,43.591117499999996,EM
naip_4323_MN_WND_i1j1,-95.7811155,43.591117499999996,EM
naip_4324_MN_WND_i0j0,-92.85608409999999,43.983492600000005,EM
naip_4324_MN_WND_i0j1,-92.85608409999999,43.983492600000005,EM
naip_4324_MN_WND_i1j0,-92.85608409999999,43.983492600000005,EM
naip_4324_MN_WND_i1j1,-92.85608409999999,43.983492600000005,EM
naip_4332_MN_WND_i0j0,-95.8894074,45.8083033,EM
naip_4332_MN_WND_i0j1,-95.8894074,45.8083033,EM
naip_4332_MN_WND_i1j0,-95.8894074,45.8083033,EM
naip_4332_MN_WND_i1j1,-95.8894074,45.8083033,EM
naip_4333_MN_WND_i0j0,-95.78528359999999,43.591117499999996,EM
naip_4333_MN_WND_i0j1,-95.78528359999999,43.591117499999996,EM
naip_4333_MN_WND_i1j0,-95.78528359999999,43.591117499999996,EM
naip_4333_MN_WND_i1j1,-95.78528359999999,43.591117499999996,EM
naip_4336_MN_WND_i0j0,-96.24000190000001,44.230304700000005,EM
naip_4336_MN_WND_i0j1,-96.24000190000001,44.230304700000005,EM
naip_4336_MN_WND_i1j0,-96.24000190000001,44.230304700000005,EM
naip_4336_MN_WND_i1j1,-96.24000190000001,44.230304700000005,EM
naip_4359_MN_WND_i0j0,-96.11750759999998,44.016900899999996,EM
naip_4359_MN_WND_i0j1,-96.11750759999998,44.016900899999996,EM
naip_4359_MN_WND_i1j0,-96.11750759999998,44.016900899999996,EM
naip_4359_MN_WND_i1j1,-96.11750759999998,44.016900899999996,EM
naip_4360_MN_WND_i0j0,-96.1233017,44.024707299999996,EM
naip_4360_MN_WND_i0j1,-96.1233017,44.024707299999996,EM
naip_4360_MN_WND_i1j0,-96.1233017,44.024707299999996,EM
naip_4360_MN_WND_i1j1,-96.1233017,44.024707299999996,EM
naip_4381_MN_WND_i0j0,-96.4456083,44.02610870000001,EM
naip_4381_MN_WND_i0j1,-96.4456083,44.02610870000001,EM
naip_4381_MN_WND_i1j0,-96.4456083,44.02610870000001,EM
naip_4381_MN_WND_i1j1,-96.4456083,44.02610870000001,EM
naip_4400_MN_WND_i0j0,-96.3086152,43.561401200000006,EM
naip_4400_MN_WND_i0j1,-96.3086152,43.561401200000006,EM
naip_4400_MN_WND_i1j0,-96.3086152,43.561401200000006,EM
naip_4400_MN_WND_i1j1,-96.3086152,43.561401200000006,EM
naip_4401_MN_WND_i0j0,-96.3969465,43.643300599999996,EM
naip_4401_MN_WND_i0j1,-96.3969465,43.643300599999996,EM
naip_4401_MN_WND_i1j0,-96.3969465,43.643300599999996,EM
naip_4401_MN_WND_i1j1,-96.3969465,43.643300599999996,EM
naip_4406_MN_WND_i0j0,-96.73970770000001,46.9000079,EM
naip_4406_MN_WND_i0j1,-96.73970770000001,46.9000079,EM
naip_4406_MN_WND_i1j0,-96.73970770000001,46.9000079,EM
naip_4406_MN_WND_i1j1,-96.73970770000001,46.9000079,EM
naip_4410_MN_WND_i0j0,-96.0717025,44.071707200000006,EM
naip_4410_MN_WND_i0j1,-96.0717025,44.071707200000006,EM
naip_4410_MN_WND_i1j0,-96.0717025,44.071707200000006,EM
naip_4410_MN_WND_i1j1,-96.0717025,44.071707200000006,EM
naip_4411_MN_WND_i0j0,-95.9608863,43.9254075,EM
naip_4411_MN_WND_i0j1,-95.9608863,43.9254075,EM
naip_4411_MN_WND_i1j0,-95.9608863,43.9254075,EM
naip_4411_MN_WND_i1j1,-95.9608863,43.9254075,EM
naip_4412_MN_WND_i0j0,-94.94840409999999,43.9455029,EM
naip_4412_MN_WND_i0j1,-94.94840409999999,43.9455029,EM
naip_4412_MN_WND_i1j0,-94.94840409999999,43.9455029,EM
naip_4412_MN_WND_i1j1,-94.94840409999999,43.9455029,EM
naip_4417_MN_WND_i0j0,-95.71810759999998,43.7086081,EM
naip_4417_MN_WND_i0j1,-95.71810759999998,43.7086081,EM
naip_4417_MN_WND_i1j0,-95.71810759999998,43.7086081,EM
naip_4417_MN_WND_i1j1,-95.71810759999998,43.7086081,EM
naip_4421_MN_WND_i0j0,-96.44170059999999,44.0200001,EM
naip_4421_MN_WND_i0j1,-96.44170059999999,44.0200001,EM
naip_4421_MN_WND_i1j0,-96.44170059999999,44.0200001,EM
naip_4421_MN_WND_i1j1,-96.44170059999999,44.0200001,EM
naip_4428_MN_WND_i0j0,-94.7502807,45.45750220000001,EM
naip_4428_MN_WND_i0j1,-94.7502807,45.45750220000001,EM
naip_4428_MN_WND_i1j0,-94.7502807,45.45750220000001,EM
naip_4428_MN_WND_i1j1,-94.7502807,45.45750220000001,EM
naip_4436_MN_WND_i0j0,-96.3265725,43.8332224,EM
naip_4436_MN_WND_i0j1,-96.3265725,43.8332224,EM
naip_4436_MN_WND_i1j0,-96.3265725,43.8332224,EM
naip_4436_MN_WND_i1j1,-96.3265725,43.8332224,EM
naip_4446_MN_WND_i0j0,-96.07028309999998,44.0238898,EM
naip_4446_MN_WND_i0j1,-96.07028309999998,44.0238898,EM
naip_4446_MN_WND_i1j0,-96.07028309999998,44.0238898,EM
naip_4446_MN_WND_i1j1,-96.07028309999998,44.0238898,EM
naip_4451_MN_WND_i0j0,-96.21810090000001,44.217800200000006,EM
naip_4451_MN_WND_i0j1,-96.21810090000001,44.217800200000006,EM
naip_4451_MN_WND_i1j0,-96.21810090000001,44.217800200000006,EM
naip_4451_MN_WND_i1j1,-96.21810090000001,44.217800200000006,EM
naip_4456_MN_WND_i0j0,-96.3308395,44.319722999999996,EM
naip_4456_MN_WND_i0j1,-96.3308395,44.319722999999996,EM
naip_4456_MN_WND_i1j0,-96.3308395,44.319722999999996,EM
naip_4456_MN_WND_i1j1,-96.3308395,44.319722999999996,EM
naip_4469_MN_WND_i0j0,-96.2381064,44.2414079,EM
naip_4469_MN_WND_i0j1,-96.2381064,44.2414079,EM
naip_4469_MN_WND_i1j0,-96.2381064,44.2414079,EM
naip_4469_MN_WND_i1j1,-96.2381064,44.2414079,EM
naip_4484_MN_WND_i0j0,-93.1977853,44.467226399999994,EM
naip_4484_MN_WND_i0j1,-93.1977853,44.467226399999994,EM
naip_4484_MN_WND_i1j0,-93.1977853,44.467226399999994,EM
naip_4484_MN_WND_i1j1,-93.1977853,44.467226399999994,EM
naip_4486_MN_WND_i0j0,-96.4353046,44.030600299999996,EM
naip_4486_MN_WND_i0j1,-96.4353046,44.030600299999996,EM
naip_4486_MN_WND_i1j0,-96.4353046,44.030600299999996,EM
naip_4486_MN_WND_i1j1,-96.4353046,44.030600299999996,EM
naip_4493_MN_WND_i0j0,-96.2286022,43.9947036,EM
naip_4493_MN_WND_i0j1,-96.2286022,43.9947036,EM
naip_4493_MN_WND_i1j0,-96.2286022,43.9947036,EM
naip_4493_MN_WND_i1j1,-96.2286022,43.9947036,EM
naip_4505_MN_WND_i0j0,-96.2839025,44.2308078,EM
naip_4505_MN_WND_i0j1,-96.2839025,44.2308078,EM
naip_4505_MN_WND_i1j0,-96.2839025,44.2308078,EM
naip_4505_MN_WND_i1j1,-96.2839025,44.2308078,EM
naip_4506_MN_WND_i0j0,-96.43190890000001,43.9861067,EM
naip_4506_MN_WND_i0j1,-96.43190890000001,43.9861067,EM
naip_4506_MN_WND_i1j0,-96.43190890000001,43.9861067,EM
naip_4506_MN_WND_i1j1,-96.43190890000001,43.9861067,EM
naip_4507_MN_WND_i0j0,-95.8820412,45.5947019,EM
naip_4507_MN_WND_i0j1,-95.8820412,45.5947019,EM
naip_4507_MN_WND_i1j0,-95.8820412,45.5947019,EM
naip_4507_MN_WND_i1j1,-95.8820412,45.5947019,EM
naip_4512_MN_WND_i0j0,-96.01681540000001,43.9884693,EM
naip_4512_MN_WND_i0j1,-96.01681540000001,43.9884693,EM
naip_4512_MN_WND_i1j0,-96.01681540000001,43.9884693,EM
naip_4512_MN_WND_i1j1,-96.01681540000001,43.9884693,EM
naip_4514_MN_WND_i0j0,-96.43825109999999,44.290105600000004,EM
naip_4514_MN_WND_i0j1,-96.43825109999999,44.290105600000004,EM
naip_4514_MN_WND_i1j0,-96.43825109999999,44.290105600000004,EM
naip_4514_MN_WND_i1j1,-96.43825109999999,44.290105600000004,EM
naip_4515_MN_WND_i0j0,-92.68720079999999,43.8056082,EM
naip_4515_MN_WND_i0j1,-92.68720079999999,43.8056082,EM
naip_4515_MN_WND_i1j0,-92.68720079999999,43.8056082,EM
naip_4515_MN_WND_i1j1,-92.68720079999999,43.8056082,EM
naip_4517_MN_WND_i0j0,-95.8819513,45.5947289,EM
naip_4517_MN_WND_i0j1,-95.8819513,45.5947289,EM
naip_4517_MN_WND_i1j0,-95.8819513,45.5947289,EM
naip_4517_MN_WND_i1j1,-95.8819513,45.5947289,EM
naip_4530_MN_WND_i0j0,-96.08390159999999,44.028605999999996,EM
naip_4530_MN_WND_i0j1,-96.08390159999999,44.028605999999996,EM
naip_4530_MN_WND_i1j0,-96.08390159999999,44.028605999999996,EM
naip_4530_MN_WND_i1j1,-96.08390159999999,44.028605999999996,EM
naip_4533_MN_WND_i0j0,-96.4307052,44.290105600000004,EM
naip_4533_MN_WND_i0j1,-96.4307052,44.290105600000004,EM
naip_4533_MN_WND_i1j0,-96.4307052,44.290105600000004,EM
naip_4533_MN_WND_i1j1,-96.4307052,44.290105600000004,EM
naip_4537_MN_WND_i0j0,-95.780837,43.586113899999994,EM
naip_4537_MN_WND_i0j1,-95.780837,43.586113899999994,EM
naip_4537_MN_WND_i1j0,-95.780837,43.586113899999994,EM
naip_4537_MN_WND_i1j1,-95.780837,43.586113899999994,EM
naip_4538_MN_WND_i0j0,-96.08361409999999,43.9908408,EM
naip_4538_MN_WND_i0j1,-96.08361409999999,43.9908408,EM
naip_4538_MN_WND_i1j0,-96.08361409999999,43.9908408,EM
naip_4538_MN_WND_i1j1,-96.08361409999999,43.9908408,EM
naip_4539_MN_WND_i0j0,-95.6142354,43.6384946,EM
naip_4539_MN_WND_i0j1,-95.6142354,43.6384946,EM
naip_4539_MN_WND_i1j0,-95.6142354,43.6384946,EM
naip_4539_MN_WND_i1j1,-95.6142354,43.6384946,EM
naip_4566_MO_WND_i0j0,-95.52780849999999,40.5800006,EM
naip_4566_MO_WND_i0j1,-95.52780849999999,40.5800006,EM
naip_4566_MO_WND_i1j0,-95.52780849999999,40.5800006,EM
naip_4566_MO_WND_i1j1,-95.52780849999999,40.5800006,EM
naip_4596_MO_WND_i0j0,-94.5230608,39.986393799999995,EM
naip_4596_MO_WND_i0j1,-94.5230608,39.986393799999995,EM
naip_4596_MO_WND_i1j0,-94.5230608,39.986393799999995,EM
naip_4596_MO_WND_i1j1,-94.5230608,39.986393799999995,EM
naip_6357_OH_WND_i0j0,-84.56682590000001,40.9365239,EM
naip_6357_OH_WND_i0j1,-84.56682590000001,40.9365239,EM
naip_6357_OH_WND_i1j0,-84.56682590000001,40.9365239,EM
naip_6357_OH_WND_i1j1,-84.56682590000001,40.9365239,EM
naip_6375_OH_WND_i0j0,-84.5752791,40.9108411,EM
naip_6375_OH_WND_i0j1,-84.5752791,40.9108411,EM
naip_6375_OH_WND_i1j0,-84.5752791,40.9108411,EM
naip_6375_OH_WND_i1j1,-84.5752791,40.9108411,EM
naip_6471_OH_WND_i0j0,-83.8983356,40.454452,EM
naip_6471_OH_WND_i0j1,-83.8983356,40.454452,EM
naip_6471_OH_WND_i1j0,-83.8983356,40.454452,EM
naip_6471_OH_WND_i1j1,-83.8983356,40.454452,EM
naip_8217_WI_WND_i0j0,-88.275808,43.8844084,EM
naip_8217_WI_WND_i0j1,-88.275808,43.8844084,EM
naip_8217_WI_WND_i1j0,-88.275808,43.8844084,EM
naip_8217_WI_WND_i1j1,-88.275808,43.8844084,EM
naip_8220_WI_WND_i0j0,-88.4431013,43.6625066,EM
naip_8220_WI_WND_i0j1,-88.4431013,43.6625066,EM
naip_8220_WI_WND_i1j0,-88.4431013,43.6625066,EM
naip_8220_WI_WND_i1j1,-88.4431013,43.6625066,EM
naip_8224_WI_WND_i0j0,-90.8100004,43.7388903,EM
naip_8224_WI_WND_i0j1,-90.8100004,43.7388903,EM
naip_8224_WI_WND_i1j0,-90.8100004,43.7388903,EM
naip_8224_WI_WND_i1j1,-90.8100004,43.7388903,EM
naip_8271_WI_WND_i0j0,-89.1530578,43.568893200000005,EM
naip_8271_WI_WND_i0j1,-89.1530578,43.568893200000005,EM
naip_8271_WI_WND_i1j0,-89.1530578,43.568893200000005,EM
naip_8271_WI_WND_i1j1,-89.1530578,43.568893200000005,EM
naip_8272_WI_WND_i0j0,-87.9889041,44.3606054,EM
naip_8272_WI_WND_i0j1,-87.9889041,44.3606054,EM
naip_8272_WI_WND_i1j0,-87.9889041,44.3606054,EM
naip_8272_WI_WND_i1j1,-87.9889041,44.3606054,EM
naip_8298_WI_WND_i0j0,-87.5636057,44.615807700000005,EM
naip_8298_WI_WND_i0j1,-87.5636057,44.615807700000005,EM
naip_8298_WI_WND_i1j0,-87.5636057,44.615807700000005,EM
naip_8298_WI_WND_i1j1,-87.5636057,44.615807700000005,EM
naip_8311_WI_WND_i0j0,-90.3916729,42.967507,EM
naip_8311_WI_WND_i0j1,-90.3916729,42.967507,EM
naip_8311_WI_WND_i1j0,-90.3916729,42.967507,EM
naip_8311_WI_WND_i1j1,-90.3916729,42.967507,EM
naip_8355_WI_WND_i0j0,-87.9328043,44.3531044,EM
naip_8355_WI_WND_i0j1,-87.9328043,44.3531044,EM
naip_8355_WI_WND_i1j0,-87.9328043,44.3531044,EM
naip_8355_WI_WND_i1j1,-87.9328043,44.3531044,EM
naip_8385_WI_WND_i0j0,-87.6383006,44.6744049,EM
naip_8385_WI_WND_i0j1,-87.6383006,44.6744049,EM
naip_8385_WI_WND_i1j0,-87.6383006,44.6744049,EM
naip_8385_WI_WND_i1j1,-87.6383006,44.6744049,EM
